Situacao;Pinholes P;Pinholes M;Pinholes G;Arranhao;Desvio PadrÃ£o D.O. ;Media D.O.;ID;B7;B8;B9;B10;B11;B12;B13;B14;B15;B16;B17;B18;B19;B20;TotalTime;WarmupTime;CoatingTime;FilmInSpec;ChillDown;PumpdownTime;VentingTime;FilmProcessed;FilmMetallised;MechOpenTime;Length;Boatlife;FirstProbe;LastProbe;Weight;WebThickness;WebWidth;TargetNumber;UpperLimit;LowerLimit;WebSpeed;WireSpeed;UnwSetTension;RewSetTension
APROVADO;0.88;0.34;0.15;0.02;0.02;2.42;60243;2.38;2.41;2.41;2.36;2.39;2.39;2.41;2.37;2.41;2.37;2.4;2.38;2.4;2.34;135.93;10.57;66.3;35651;88.1;10.43;4.07;36437;36366;40.07;36500;7;5;20;1085;12;1770;2.4;2.52;2.28;550;82;379;168
APROVADO;1.35;0.31;0.29;0.46;0.03;2.44;61131;3.4;3.41;3.39;3.37;3.42;3.39;3.39;3.38;3.38;3.41;3.39;3.36;3.39;3.39;157.7;8.33;104.13;29494;132.23;19.27;3.77;36422;36390;15.67;36500;169.03;3;22;1245;12;2030;3.4;3.57;3.23;350;74;365;307
APROVADO;0.42;0.11;0.05;0;0.02;3.42;61139;3.39;3.36;3.39;3.4;3.4;3.37;3.39;3.38;3.4;3.39;3.37;3.38;3.4;3.39;208.63;8.9;104.67;35693;126.93;12.73;3.77;36475;36438;73.67;36500;172.75;2;23;1367;12;2230;3.4;3.57;3.23;350;76;446;372
APROVADO;0.51;0.14;0.09;0.01;0.02;3.43;61115;2.2;2.19;2.23;2.22;2.22;2.16;2.23;2.23;2.19;2.17;2.17;2.15;2.19;2.2;430.77;15.27;277.43;84217;315.87;12.23;3.67;86805;86739;57.83;43500;160.48;2;23;1104;12;2260;2.4;2.52;2.28;340;60.23;560;256
APROVADO;0.65;0.24;0.15;0.02;0.02;3.42;61119;2.38;2.37;2.42;2.42;2.41;2.35;2.41;2.41;2.37;2.39;2.4;2.37;2.43;2.4;197.43;11.33;131.33;40526;154.33;11.13;4.33;43421;43385;34.57;43500;162.87;2;23;1104;12;2260;2.4;2.52;2.28;350;57.65;560;256
REPROVADO;0.47;0.17;0.12;0.01;0.02;3.44;61995;2.35;2.41;2.36;2.38;2.43;2.36;2.38;2.41;2.36;2.42;2.38;2.35;2.42;2.38;112.5;9.7;60;35487;85.47;14.87;5.67;36931;36843;17.27;36500;12.87;4;21;1367;12;1830;2.4;2.53;2.28;600;93;435;170
REPROVADO;0.51;0.14;0.04;0.01;0.02;3.43;61999;2.39;2.43;2.34;2.39;2.43;2.4;2.36;2.4;2.39;2.42;2.4;2.34;2.37;2.41;180.83;12.93;68.97;35725;99.4;16.7;3.9;36937;36886;73.43;36500;14.25;4;21;1138;12;1830;2.4;2.53;2.28;400;58;435;170
APROVADO;0.46;0.22;0.16;0.07;0.03;2.44;62007;2.34;2.44;2.39;2.42;2.38;2.41;2.37;2.39;2.41;2.41;2.36;2.39;2.38;2.46;153.27;6.13;66.27;34508;91.83;18.5;3.8;36475;36270;53.47;36500;17.33;5;20;1001;12;1610;2.4;2.53;2.28;550;79.75;350;135
APROVADO;0.46;0.22;0.16;0.07;0.03;2.44;62011;2.41;2.45;2.37;2.37;2.41;2.4;2.38;2.4;2.41;2.37;2.33;2.4;2.39;2.46;131.43;6.5;65.37;35390;88.93;16.1;4.13;36855;36789;34.27;36500;18.55;5;20;1001;12;1610;2.4;2.53;2.28;400;58;344;137
APROVADO;0.56;0.21;0.13;0.01;0.02;2.41;62011;2.41;2.45;2.37;2.37;2.41;2.4;2.38;2.4;2.41;2.37;2.33;2.4;2.39;2.46;131.43;6.5;65.37;35390;88.93;16.1;4.13;36855;36789;34.27;36500;18.55;5;20;1001;12;1610;2.4;2.53;2.28;400;58;344;137
APROVADO;0.56;0.21;0.13;0.01;0.02;2.41;62015;2.4;2.44;2.37;2.37;2.41;2.41;2.36;2.41;2.39;2.41;2.37;2.38;2.39;2.46;148.7;8.07;74.47;32897;100.47;17.23;4.4;36907;36859;39.7;36500;19.93;5;20;1001;12;1610;2.4;2.53;2.28;480;69.6;344;137
APROVADO;3.48;1.35;0.85;0.2;0.02;2.42;60279;2.37;2.41;2.39;2.41;2.38;2.38;2.43;2.38;2.38;2.41;2.38;2.39;2.41;2.39;216.2;18.93;91.3;35938;122.97;12.1;6;36517;36478;82;36500;20.85;2;23;1374;12;2280;2.4;2.52;2.28;400;63;566;257
REPROVADO;1.53;0.75;0.54;0.19;0.02;2.42;60283;3.37;3.4;3.39;3.43;3.37;3.4;3.42;3.39;3.39;3.42;3.38;3.39;3.4;3.4;212.53;14.73;105.67;36684;156.3;35.5;3.9;36914;36879;45;36500;22.85;2;23;1374;12;2270;3.4;3.57;3.23;350;73;601;289
APROVADO;0.72;0.24;0.07;0;0.02;2.8;60287;3.4;3.38;3.39;3.41;3.38;3.39;3.41;3.38;3.4;3.4;3.36;3.41;3.39;3.39;170.3;22.97;104.63;36280;137.93;9.77;3.83;36616;36579;20.57;36500;24.97;2;23;1374;12;2270;3.4;3.57;3.23;350;73;601;289
APROVADO;1.27;0.52;0.3;0.05;0.01;2.41;60295;3.34;3.42;3.38;3.4;3.4;3.34;3.47;3.4;3.42;3.4;3.3;3.39;3.5;3.48;181.2;18.83;105.3;20374;136.7;12;5.7;36845;36811;33.9;36500;28.95;3;22;1223;12;1995;2.4;2.52;2.28;350;74;427;190
REPROVADO;1.74;0.28;0.15;0.02;0.01;3.4;60271;2.35;2.39;2.41;2.41;2.4;2.38;2.45;2.39;2.33;2.37;2.4;2.4;2.44;2.37;151.87;14.5;75.07;9652;99.9;10.03;4.83;36544;36509;42.97;36500;17.48;2;23;1374;12;2240;2.4;2.52;2.28;500;72.5;572.88;253
APROVADO;2.55;0.41;0.17;0.03;0.02;3.41;60275;2.36;2.44;2.35;2.39;2.41;2.32;2.47;2.39;2.29;2.4;2.42;2.41;2.36;2.37;190.83;18.83;72.97;21411;110.47;18;4.43;36393;36345;71.77;36500;19.02;2;23;1374;12;2240;2.4;2.52;2.28;500;72.5;572.88;258
APROVADO;1.22;0.63;0.33;0.02;0.03;2.41;61171;3.38;3.39;3.4;3.39;3.42;3.31;3.46;3.36;3.4;3.38;3.39;3.39;3.39;3.4;170.8;10.17;104.03;34654;129.03;14.23;4.33;36416;36375;33.2;36500;9.48;3;22;1220;12;1990;3.4;3.57;3.23;350;76;358;300
REPROVADO;2.11;0.6;0.4;0.07;0.03;3.42;61143;3.36;3.4;3.4;3.36;3.43;3.36;3.42;3.37;3.4;3.41;3.39;3.35;3.42;3.4;174.6;16.2;104.2;35734;133.03;12.03;3.83;36471;36434;33.57;36500;174.77;3;22;1233;12;2010;3.4;3.57;3.23;350;76;362;303
REPROVADO;1.94;0.39;0.2;0.02;0.03;3.43;61147;3.37;3.42;3.39;3.36;3.42;3.36;3.44;3.36;3.39;3.42;3.39;3.36;3.41;3.41;228.67;13.67;104.03;29889;131.73;13.53;3.77;36389;36353;87.73;36500;176.72;3;22;1233;12;2010;3.4;3.57;3.23;350;76;362;303
REPROVADO;0.99;0.21;0.12;0.01;0.03;3.44;62031;2.41;2.41;2.33;2.4;2.42;2.4;2.36;2.39;2.4;2.42;2.34;2.39;2.38;2.41;144.6;13.43;75.87;36330;105.93;15.83;3.83;36900;36843;30.73;36500;26.72;1;24;1496;12;2440;2.4;2.52;2.28;490;73.5;406;210
REPROVADO;1.69;0.45;0.27;0.06;0.03;3.44;62039;3.36;3.43;3.35;3.41;3.4;3.41;3.35;3.44;3.34;3.44;3.33;3.42;3.44;3.41;167.73;10.57;104.33;35903;129.37;13.9;3.87;36512;36478;30.07;36500;3.95;2;23;1404;12;2290;3.4;3.57;3.23;350;76;458;382
APROVADO;0.61;0.24;0.16;0.01;0.02;2.43;62051;3.36;3.51;3.34;3.33;3.37;3.44;3.37;3.41;3.37;3.43;3.34;3.42;3.39;3.38;154.8;3.97;109.93;32417;128.77;14.33;3.43;36498;36460;18.57;36500;9.73;2;23;1398;12;2280;3.4;3.57;3.23;330;68.83;456;380
REPROVADO;2.2;0.48;0.33;0.06;0.07;3.46;62023;3.32;3.49;3.34;3.4;3.42;3.43;3.34;3.41;3.41;3.44;3.31;3.45;3.4;3.39;206.8;8.63;104.43;25833;130.7;17.23;4;36395;36358;67.93;36500;23.83;4;21;1001;12;1900;2.4;2.52;2.28;400;58;406;180
APROVADO;1.97;0.5;0.41;0.19;0.02;3.42;62027;2.36;2.44;2.35;2.42;2.42;2.38;2.38;2.38;2.4;2.44;2.34;2.4;2.39;2.41;149.27;5.47;76.17;36172;98.9;16.77;3.87;36908;36862;20.47;36500;25.22;4;21;1001;12;1900;2.4;2.52;2.28;530;76.85;406;180
REPROVADO;1.72;0.59;0.24;0.03;0.03;3.43;59699;3.38;3.4;3.37;3.42;3.36;3.39;3.41;3.38;3.41;3.39;3.36;3.43;3.37;3.4;129.3;4.8;103.23;26249;116.93;8.33;4;35940;35904;2.7;36500;59.1;2;23;1147;12;2195;3.4;3.57;3.23;350;75;581;279
APROVADO;0.58;0.43;0.17;0.02;0.02;2.41;59703;2.37;2.4;2.41;2.37;2.41;2.39;2.41;2.38;2.4;2.4;2.39;2.39;2.4;2.38;186.53;21.77;94.07;36090;127.27;10.9;3.93;36489;36446;49.33;36500;61.03;3;22;1410;12;2100;2.4;2.52;2.28;350;74;422;352
APROVADO;1.8;0.29;0.19;0.02;0.03;3.43;59707;3.37;3.34;3.42;3.37;3.39;3.39;3.43;3.36;3.4;3.41;3.38;3.39;3.41;3.37;156;15.7;106.07;36163;132.43;10.13;3.87;36436;36398;14.2;36500;63.08;3;22;1294;10;2050;2.8;3;2.65;380;70;488;194
APROVADO;1839;0.64;0.21;0.03;0.01;2.81;59711;2.78;2.79;2.84;2.78;2.77;2.78;2.8;2.8;2.78;2.8;2.8;2.78;2.78;2.78;180.8;14;115.7;43137;140.77;10.43;4.23;43940;43906;23.8;36500;65.25;3;22;1294;10;2050;2.8;3;2.65;380;70;488;194
APROVADO;2.83;1.03;0.42;0.06;0.01;2.8;59715;2.77;2.81;2.83;2.79;2.74;2.76;2.8;2.82;2.8;2.8;2.79;2.78;2.81;2.84;206.9;6.47;117.17;37138;153.23;29.03;4.8;43951;43908;37.3;36500;67.3;3;22;1294;10;2050;2.8;3;2.65;370;68.16;488;194
APROVADO;1.51;0.3;0.12;0.01;0.02;3.43;59719;3.37;3.35;3.46;3.36;3.37;3.38;3.42;3.39;3.35;3.39;3.47;3.3;3.22;3.39;160.07;8.87;107.97;4675;127.43;10.03;4.27;36859;36824;24.37;36500;69.27;3;22;1257;12;2050;3.4;3.52;3.23;340;70.91;516;248
APROVADO;0.7;0.19;0.14;0.03;0.02;2.42;59691;3.41;3.38;3.39;3.4;3.38;3.38;3.39;3.39;3.42;3.36;3.39;3.43;3.37;3.38;179.9;10.47;111.63;35754;133.33;10.7;3.8;36878;36844;38.6;36500;57.12;2;23;1147;12;2195;3.4;3.57;3.23;350;74;581;279
APROVADO;0.7;0.19;0.14;0.03;0.02;2.42;59695;2.89;2.82;2.84;2.92;2.81;2.46;0.23;2.47;2.73;2.83;2.85;3.01;2.94;2.8;48.2;6.87;2.97;0;20.17;9.57;7.07;969;937;16.9;36500;57.3;2;23;1147;12;2195;3.4;3.57;3.23;350;73;581;279
APROVADO;1.29;0.5;0.37;0.13;0.02;2.45;59735;2.38;2.4;2.38;2.39;2.42;2.44;2.47;2.54;2.7;2.51;2.3;2.53;2.67;2.6;848.07;14.03;91.1;9900;114.4;9.03;8.53;36426;36383;718.8;36500;75.2;4;21;1191;12;1970;2.4;2.52;2.28;400;56;421;187
APROVADO;0.96;0.22;0.08;0.02;0.02;2.79;59755;2.77;2.82;2.8;2.79;2.79;2.81;2.8;2.78;2.8;2.8;2.8;2.81;2.77;2.81;187.97;18.73;115.8;43418;143.53;8.6;4.4;43926;43889;35.4;43500;83.35;4;21;1151;12;1850;2.8;3;2.65;380;75;440;176
APROVADO;1.57;0.45;0.19;0.04;0.02;2.8;59759;2.77;2.81;2.83;2.76;2.8;2.79;2.8;2.78;2.82;2.78;2.8;2.81;2.74;2.86;180;7.3;113.93;43334;130.4;8.63;4.03;43833;43793;41.17;36500;85.38;5;20;1151;12;1675;2.4;2.52;2.28;400;74.74;360;160
APROVADO;1.64;0.61;0.39;0.17;0.02;2.4;59763;2.38;2.44;2.35;2.38;2.43;2.38;2.38;2.34;2.46;2.34;2.42;2.38;2.35;2.45;119.27;13.37;64.3;36357;87.17;8.63;5.63;37145;37077;22.3;36500;86.68;5;20;1151;12;1630;2.4;2.52;2.28;580;84.68;348;155
APROVADO;1.79;0.72;0.63;3.13;0.03;2.43;59771;2.36;2.43;2.37;2.39;2.41;2.37;2.4;2.37;2.44;2.37;2.36;2.34;2.48;2.31;183.6;8.83;61.1;3623;82.6;11.97;6.3;36938;36893;90.53;36500;89.15;2;23;1151;12;2190;2.4;2.52;2.28;650;102;544;248
APROVADO;0.58;0.29;0.21;0.08;0.01;2.42;59803;2.37;2.41;2.37;2.4;2.42;2.37;2.42;2.38;2.38;2.42;2.38;2.38;2.42;2.38;151.53;10.13;82.5;35389;102.73;9.53;3.93;36429;36386;40.67;36500;99.27;4;21;1159;12;1890;2.4;2.52;2.28;350;55.13;404;200
APROVADO;1.23;0.74;0.72;0.16;0.02;2.42;59811;2.38;2.4;2.37;2.41;2.39;2.36;2.46;2.31;2.42;2.4;2.38;2.37;2.42;2.38;112.7;13.83;60.17;35038;83.87;9.27;5.17;36336;36290;19.5;36500;102.27;2;23;1159;12;2220;3.4;3.57;3.23;350;74;444;370
APROVADO;2.35;0.47;0.2;0.04;0.03;3.43;59815;3.4;3.38;3.39;3.4;3.4;3.37;3.43;3.34;3.42;3.39;3.38;3.38;3.42;3.37;173.53;8.77;107.77;31516;126.73;9.67;7.07;36487;36454;35.9;36500;104.22;2;23;1159;12;2220;3.4;3.57;3.23;340;71.89;444;370
APROVADO;2.22;0.19;0.51;0.04;0.03;3.43;59819;3.38;3.38;3.4;3.35;3.38;3.34;3.43;3.34;3.44;3.42;3.37;3.37;3.4;3.39;154.77;8.23;104.33;2739;122.3;9.23;4.87;36489;36457;23.77;36500;106.1;2;23;1361;12;2220;3.4;3.57;3.23;350;74;444;370
APROVADO;0.63;0.24;0.14;0.03;0.04;2.42;59835;2.39;2.39;2.4;2.41;2.4;2.38;2.42;2.39;2.39;2.39;2.39;2.4;2.39;2.37;198.03;14.13;92.9;34467;119.1;11.57;5.27;36424;36379;69.77;36500;113.62;3;22;1269;12;2070;3.4;3.57;3.23;350;73;372;312
APROVADO;2.54;0.55;0.34;0.02;0.03;3.42;59839;3.43;3.36;3.43;3.42;3.33;3.33;3.43;3.41;3.4;3.37;3.41;3.39;3.39;3.37;159.33;11.13;107.93;2600;129.5;9.9;5.43;36392;36355;20.2;36500;115.62;3;22;1269;12;2070;3.4;3.57;3.23;340;70.91;372;312
APROVADO;2.36;0.51;0.29;0.03;0.02;3.43;59843;3.36;3.37;3.44;3.43;3.32;3.32;3.41;3.39;3.41;3.38;3.41;3.39;3.4;3.37;156.93;9.93;107.33;26340;126.93;9.13;9.13;36416;36384;17.03;43500;117.58;6;19;932;10;1530;2.8;3;2.65;350;58;364;145
APROVADO;0.72;0.16;0.04;0;0.01;2.81;59847;2.78;2.8;2.79;2.82;2.76;2.77;2.83;2.79;2.78;2.79;2.81;2.79;2.79;2.79;209.27;15.3;120.83;43442;146.37;9.67;14.5;43892;43856;42.07;43500;119.85;6;19;932;10;1530;2.8;3;2.65;360;67.26;364;145
APROVADO;1.27;0.25;0.19;0.02;0.04;3.42;59851;3.37;3.41;3.37;3.41;3.41;3.37;3.41;3.39;3.39;3.4;3.4;3.39;3.4;3.36;170.07;11.47;106.63;35453;128.87;10.03;3.93;36411;36293;33.33;36500;121.83;3;22;932;12;2060;3.4;3.57;3.23;350;73;370;311
APROVADO;0.86;0.31;0.1;0.03;0.02;2.8;59827;3.47;3.4;3.38;3.43;3.38;3.38;3.39;3.37;3.44;3.38;3.39;3.39;3.41;3.38;163.97;8.17;104.43;34187;122.23;9.23;7.13;36490;36458;30.43;36500;109.9;3;22;1331;12;2170;3.4;3.57;3.23;350;74;434;362
APROVADO;0.9;0.29;0.09;0.06;0.03;2.77;59831;3.36;3.4;3.37;3.41;3.38;3.39;3.42;3.37;3.38;3.42;3.35;3.41;3.38;3.41;171.03;9.53;107.17;35944;126.9;9.67;4.2;36479;36445;35.73;36500;111.85;3;22;1331;12;2170;3.4;3.57;3.23;350;74;434;362
APROVADO;1.54;0.37;0.14;0.05;0.03;2.77;59867;2.78;2.82;2.77;2.82;2.77;2.74;2.92;2.82;2.56;2.87;2.96;2.82;2.6;2.89;202.03;16.33;121.07;8809;147.77;9.77;6;43947;43905;40.07;36500;130.3;3;22;1239;12;2020;2.4;2.52;2.28;400;58;432;192
APROVADO;1.21;0.6;0.39;0.09;0.03;2.36;59871;2.37;2.4;2.4;2.4;2.41;2.36;2.37;2.32;2.48;2.44;2.25;2.43;2.48;2.34;169.8;5.8;90.67;5357;110.77;13.43;8.57;36318;36234;30.63;43500;131.92;6;19;932;10;1530;2.8;3;2.65;370;71;365;145
APROVADO;2.01;0.72;0.29;0.03;0.03;2.75;59875;2.76;2.81;2.8;2.8;2.8;2.77;2.81;2.77;2.82;2.83;2.74;2.79;2.82;2.77;171.1;5.13;116.17;42001;131.17;9.1;4.8;43910;43815;27.47;43500;133.95;6;19;932;10;1530;2.8;3;2.65;380;71;365;145
APROVADO;1.21;0.4;0.13;0.04;0.02;2.81;59879;2.77;2.8;2.81;2.8;2.8;2.75;2.83;2.8;2.8;2.82;2.76;2.82;2.8;2.78;165;7.8;117.93;43385;135.73;9.1;5.3;43963;43805;17.27;36500;136.05;3;22;932;12;2060;3.4;3.57;3.23;350;74;370;311
REPROVADO;1.32;0.34;0.23;0.04;0.01;3.41;59883;3.37;3.39;3.4;3.39;3.38;3.38;3.41;3.36;3.41;3.42;3.33;3.41;3.42;3.34;175.07;9.43;110.2;35644;130.2;10.17;4.3;36431;36416;36.4;36500;138.03;3;22;932;12;2060;3.4;3.57;3.23;350;74;370;311
REPROVADO;1376;0.34;0.07;0;0.02;3.4;59895;3.38;3.4;3.35;3.41;3.35;3.38;3.42;3.31;3.4;3.42;3.3;3.41;3.42;3.34;247.57;19.47;43.93;13500;85.5;21.5;4.4;15367;15337;153.53;36500;142.4;3;22;932;12;2050;3.4;3.57;3.23;350;73;516;280
REPROVADO;1.71;0.27;0.13;0.02;0.01;3.41;59899;3.38;3.41;3.36;3.43;3.4;3.37;3.38;3.36;3.42;3.42;3.31;3.44;3.43;3.34;155.73;12.77;104;24027;127.2;9.83;6.03;36389;36358;18.37;36500;144.37;3;22;1233;12;2010;3.4;3.57;3.23;350;78;362;304
APROVADO;3.52;0.63;0.35;0.09;0.02;3.4;59903;3.35;3.48;3.41;3.37;3.43;3.38;3.43;3.38;3.4;3.44;3.36;3.4;3.45;3.37;161.57;8.3;104.3;19699;122.77;9.8;5.77;36430;36398;29;36500;146.23;3;22;1233;12;2010;3.4;3.57;3.23;350;78;362;304
APROVADO;0.42;0.21;0.11;0;0.01;2.41;59907;2.38;2.38;2.41;2.4;2.4;2.37;2.43;2.38;2.38;2.4;2.39;2.4;2.4;2.37;207.63;15.5;91.17;35991;117.87;10.57;3.8;36452;36409;81.83;36500;148.02;3;22;1288;12;2100;2.4;2.52;2.28;400;76;521;238
REPROVADO;1.02;0.23;0.16;0.02;0.01;3.41;59911;3.39;3.39;3.4;3.42;3.39;3.38;3.44;3.36;3.4;3.39;3.41;3.42;3.36;3.4;166.97;15.77;104.2;36162;132.23;11.9;4.07;36394;36364;26.5;36500;150.03;4;21;1168;12;1900;3.4;3.57;3.23;350;78;343;288
REPROVADO;1;0.17;0.07;0;0.02;3.41;59915;3.41;3.39;3.39;3.4;3.41;3.37;3.42;3.38;3.41;3.39;3.38;3.44;3.37;3.38;151.43;9.3;104.17;35888;123.47;9.7;3.9;36385;36353;19.83;36500;151.92;4;21;1168;12;1900;3.4;3.57;3.23;350;78;343;288
APROVADO;3.4;0.58;0.31;0.03;0.04;3.42;59931;3.4;3.35;3.4;3.39;3.36;3.42;3.38;3.38;3.39;3.4;3.36;3.42;3.38;3.37;166.83;7.63;104.03;21236;122.53;10.3;3.9;36395;36363;36.3;36500;159.85;4;21;1168;12;1900;3.4;3.57;3.23;350;78;340;285
APROVADO;3;0.6;0.1;0.05;0.03;2.42;59935;2.45;2.41;2.38;2.38;2.39;2.4;2.44;2.34;2.4;2.41;2.38;2.4;2.39;2.43;186.1;18.47;91.27;35698;121.23;11.03;3.77;36428;36384;57.17;36500;161.67;5;20;1168;12;1610;2.4;2.52;2.28;400;76;345;190
APROVADO;2.09;0.5;0.3;0.04;0.03;3.44;59939;3.37;3.4;3.38;3.39;3.39;3.4;3.44;3.32;3.4;3.43;3.37;3.4;3.38;3.39;175.17;18.77;104.1;34096;135.6;12.23;3.83;36399;36367;31.6;36500;163.72;4;21;1156;12;1885;3.4;3.57;3.23;350;76;340;285
APROVADO;1.18;0.32;0.23;0.03;0.03;3.4;59943;3.38;3.4;3.42;3.37;3.37;3.37;3.45;3.34;3.43;3.4;3.37;3.4;3.36;3.42;174.07;9.47;107.03;32704;132.67;15.67;7.63;36387;36353;29.6;36500;165.65;4;21;1156;12;1800;3.4;3.57;3.23;340;73.83;325;272
APROVADO;0.53;0.3;0.3;0.06;0.02;2.42;59963;2.42;2.4;2.39;2.39;2.39;2.38;2.44;2.36;2.41;2.41;2.37;2.4;2.42;2.38;232.67;15.6;91.13;36107;119.1;11.73;8.03;36430;36385;101.63;36500;175.48;4;21;1156;12;1885;3.4;3.57;3.23;350;0;339;284
REPROVADO;1.71;0.5;0.39;0.08;0.03;3.45;59967;3.38;3.41;3.42;3.39;3.39;3.38;3.42;3.4;3.44;3.39;3.31;3.41;3.44;3.37;177;18.03;104.2;35870;133.5;10.9;5.83;36395;36364;33.43;36500;177.53;4;21;1156;12;1885;3.4;3.57;3.23;350;74;339;284
APROVADO;2.1;0.51;0.3;0.06;0.03;3.44;59971;3.43;3.42;3.43;3.37;3.38;3.38;3.42;3.38;3.38;3.41;3.36;3.39;3.39;3.39;158.8;15.4;104.07;19151;129.8;9.8;8.53;36397;36363;16.6;36500;179.53;4;21;1156;12;1800;3.4;3.57;3.23;350;74;324;271.8
APROVADO;2.21;0.48;0.31;0.07;0.02;3.43;59959;3.37;3.41;3.37;3.41;3.38;3.37;3.41;3.37;3.45;3.37;3.34;3.4;3.42;3.37;171.87;15.37;109.93;30244;141.77;15.67;6.37;36373;36247;18.83;36500;173.7;4;21;1104;12;1800;3.4;3.57;3.23;350;73;325;272
APROVADO;2.42;0.58;0.42;0.06;0.02;3.44;59995;3.32;3.4;3.4;3.45;3.35;3.33;3.39;3.42;3.4;3.38;3.38;3.4;3.39;3.34;181.93;8.67;108.53;35694;142.13;24.3;4.33;36409;36372;28.7;36500;191.37;4;21;1104;12;1800;3.4;3.57;3.23;350;75;324;271
APROVADO;1.83;0.32;0.16;0.02;0.02;3.43;59987;2.38;2.41;2.41;2.38;2.36;2.39;2.43;2.38;2.39;2.4;2.37;2.41;2.41;2.37;195.77;14.73;98;35821;124.13;10.83;5.2;36410;36378;62.6;36500;187.37;4;21;1104;12;1800;3.4;3.57;3.23;350;73;324;271
APROVADO;0.23;0.11;0.04;0;0.01;2.41;60027;2.38;2.43;2.36;2.4;2.39;2.39;2.44;2.36;2.39;2.4;2.4;2.38;2.39;2.4;163.73;10.23;101.83;36186;122.83;10.27;4.87;36549;36513;31.87;36500;207.28;3;22;1104;12;2050;3.4;3.57;3.23;350;75;516;248
APROVADO;0.48;0.23;0.26;0.1;0.04;2.43;60035;2.27;2.28;2.26;2.29;2.25;2.24;2.37;2.3;2.1;2.37;2.24;2.29;2.29;2.25;254.63;20.73;120.27;3141;169.77;38.43;2.4;43191;43151;60.43;43500;211.43;2;23;1104;10;2360;2.4;2.52;2.28;390;62;586;314
APROVADO;0.84;0.4;0.24;0.03;0.01;2.41;60043;2.36;2.41;2.41;2.39;2.39;2.38;2.42;2.36;2.4;2.41;2.39;2.39;2.39;2.39;179.23;17.8;96.1;35754;124.47;10;3.97;36515;36472;46.93;36500;215.43;2;23;1374;12;2240;2.4;2.52;2.28;380;59.85;555;253
APROVADO;2.22;0.84;0.74;0.24;0.01;2.4;60059;2.34;2.39;2.39;2.37;2.4;2.4;2.41;2.35;2.39;2.4;2.47;2.36;2.34;2.42;120.4;9.97;66.63;16263;87.23;10.07;4.47;36531;36470;24.5;36500;220.57;2;23;1374;12;2240;2.4;2.52;2.28;550;82;555;253
APROVADO;1.55;0.55;0.21;0.05;0.01;2.81;60071;2.76;2.81;2.8;2.77;2.78;2.82;2.79;2.78;2.78;2.81;2.78;2.78;2.82;2.77;107.9;5.5;76.5;29370;92.6;10;4.53;29961;29917;2.67;36500;224.6;2;23;1374;12;2280;2.8;3;2.65;380;73.83;566;258
APROVADO;1.36;0.72;0.36;0.03;0.03;2.41;60099;2.38;2.4;2.4;2.39;2.39;2.39;2.43;2.36;2.39;2.41;2.38;2.41;2.4;2.4;195.6;9.43;92.57;35432;114.13;11.63;3.97;36413;36367;73.53;36500;233.9;5;20;987;12;1610;2.4;2.52;2.28;400;55.1;345;153
APROVADO;1.91;0.93;0.71;0.28;0.02;2.42;60139;2.39;2.39;2.39;2.4;2.38;2.39;2.43;2.38;2.38;2.39;2.39;2.39;2.41;2.39;736.27;17.47;95.07;34345;146.2;33.1;7.53;36415;36374;578.67;36500;249.17;4;21;1159;12;1890;2.4;2.52;2.28;380;55.1;405;180
APROVADO;3;0.68;0.37;0.05;0.02;3.41;60143;3.37;3.41;3.37;3.42;3.36;3.41;3.45;3.34;3.35;3.42;3.41;3.37;3.4;3.36;223.93;4.4;111.23;34632;124.2;8.03;3.7;36423;36386;59.7;36500;251.33;3;22;1159;12;2030;3.4;3.57;3.23;340;72.86;363;305
APROVADO;3;0.68;0.37;0.05;0.02;3.41;60147;3.4;3.4;3.35;3.45;3.36;3.37;3.45;3.37;3.36;3.45;3.37;3.38;3.44;3.35;87.13;9.7;24.7;2153;44.53;8.87;3.93;8248;8219;34.63;36500;251.92;3;22;1159;12;2030;3.4;3.57;3.23;330;70.71;363;305
APROVADO;2.37;0.5;0.38;0.08;0;3.41;60147;3.4;3.4;3.35;3.45;3.36;3.37;3.45;3.37;3.36;3.45;3.37;3.38;3.44;3.35;87.13;9.7;24.7;2153;44.53;8.87;3.93;8248;8219;34.63;36500;251.92;3;22;1159;12;2030;3.4;3.57;3.23;330;70.71;363;305
APROVADO;1.53;0.26;0.11;0.05;0.02;3.43;60163;3.39;3.37;3.39;3.4;3.39;3.39;3.44;3.42;3.4;3.42;3.45;3.39;3.34;3.35;173.4;11.43;104.03;17774;128.67;12.6;5.23;36401;36363;35.37;36500;259.17;3;22;1159;12;2030;3.4;3.57;3.23;350;75;365;305
APROVADO;10356;0.39;0.24;0.01;0.04;2.42;60167;2.98;2.97;2.96;2.98;2.96;2.95;3.01;2.93;2.98;2.99;2.95;2.98;2.95;3.02;450.43;14.2;212.83;69658;250.67;9.63;7.2;72846;72767;57.4;36500;262.97;5;20;1159;12;1635;2.4;2.52;2.28;400;76;350;156
APROVADO;2.19;0.46;0.37;0.08;0.04;3.42;60187;3.27;3.44;3.42;3.4;3.38;3.33;3.39;3.41;3.45;3.41;3.3;3.39;3.41;3.39;160.8;8.6;103.8;34292;122.43;9.3;6.7;36374;36296;27.53;36500;272.72;4;21;1168;12;1905;3.4;3.57;3.23;350;73;345;288
APROVADO;2;0.38;0.25;0.04;0.01;3.4;60179;3.41;3.41;3.43;3.38;3.41;3.47;3.38;3.47;3.46;3.36;3.37;3.39;3.39;3.37;146.3;7.43;109.8;21705;127.67;9.8;3.67;36423;36356;10.83;36500;268.88;4;21;1233;12;1950;3.4;3.52;3.28;330;68.83;362;304
APROVADO;1.28;0.25;0.18;0.02;0.03;3.42;60183;3.38;3.4;3.4;3.38;3.35;3.41;3.37;3.43;3.41;3.38;3.38;3.4;3.37;3.38;159.57;6.4;110.13;35822;126.47;9.23;4.33;36382;36321;24.63;36500;270.83;4;21;1196;12;1950;3.4;3.57;3.23;330;68.83;352;294
APROVADO;2.04;0.42;0.23;0.02;0.01;3.41;60207;3.37;3.39;3.4;3.36;3.4;3.4;3.39;3.39;3.38;3.38;3.46;3.34;3.37;3.37;177.3;8.53;104.47;35708;124.13;10.6;3.7;36401;36369;45.3;36500;284.47;4;21;1168;12;1960;3.4;3.57;3.23;350;73;353;296
APROVADO;1.64;0.31;0.18;0.01;0.02;3.42;60211;3.4;3.35;3.42;3.4;3.35;3.39;3.45;3.39;3.34;3.4;3.37;3.4;3.41;3.36;194.33;11.8;104.07;36068;127.6;11.17;5.43;36421;36385;57.13;36500;286.4;4;21;1168;12;1960;3.4;3.57;3.23;350;73;353;300
APROVADO;1.27;0.48;0.27;0.03;0.02;2.43;60199;3.35;3.43;3.42;3.36;3.33;3.4;3.44;3.39;3.41;3.39;3.35;3.38;3.41;3.41;199.07;8.4;111;35794;135.33;15.37;5.97;36400;36362;53.6;36500;280.55;4;21;1168;12;1900;3.4;3.57;3.23;350;73;345;287
APROVADO;2.09;0.9;0.37;0.06;0.02;3.42;61187;2.36;2.41;2.4;2.39;2.38;2.39;2.41;2.41;2.37;2.38;2.38;2.41;2.41;2.39;231.8;27.4;92.37;36173;136.27;15.9;4.37;36875;36840;85.07;36500;17.45;6;19;1187;12;1560;3.4;3.57;3.23;350;73;280;235
APROVADO;0.79;0.43;0.22;0.02;0.02;2.41;61191;3.37;3.43;3.36;3.4;3.37;3.42;3.39;3.41;3.37;3.38;3.4;3.41;3.38;3.39;170.13;12.97;103.93;35851;130.33;12.87;3.8;36370;36334;31.2;36500;19.4;6;19;1187;12;1460;3.4;3.57;3.23;350;73;262;220
APROVADO;2.2;0.63;0.32;0.05;0.01;3.41;61195;0.36;0.3;0.46;0.28;0.38;0.27;0.39;0.29;0.39;0.28;0.52;0.34;0.54;0.23;71.07;15.27;0.47;0;32.23;13.7;4.4;158;122;28.7;36500;19.65;6;19;1187;12;1460;3.4;3.57;3.23;350;73;262;220
APROVADO;2.44;0.42;0.24;0.03;0.01;3.41;61199;3.33;3.49;3.37;3.39;3.37;3.41;3.4;3.4;3.38;3.39;3.37;3.4;3.48;3.31;267.5;9.57;103.73;34721;133.37;19.7;3.87;36244;36210;125.57;36500;21.53;6;19;1187;12;1460;3.4;3.57;3.23;350;73;262;220
APROVADO;0.75;0.31;0.11;0.01;0.02;2.8;62071;3.39;3.41;3.38;3.37;3.41;3.39;3.39;3.38;3.37;3.42;3.38;3.38;3.38;3.42;167.43;14.5;105.8;33201;138.97;18.1;4.13;36518;36488;16.47;36500;19.3;2;23;1398;12;2300;3.4;3.57;3.23;350;73;466;390
APROVADO;0;0;0;0;0.03;2.83;62083;3.41;3.4;3.38;3.39;3.39;3.38;3.44;3.38;3.36;3.41;3.41;3.36;3.38;3.41;173.37;12;104.17;36110;130.27;13.57;3.57;36432;36402;32.9;36500;25.07;3;22;1239;12;2020;3.4;3.57;3.23;350;76;363;305
APROVADO;0.97;0.25;0.08;0.01;0.01;2.8;62059;3.35;3.4;3.4;3.37;3.38;3.38;3.37;3.43;3.36;3.37;3.35;3.38;3.4;3.41;161.7;5.13;105.5;28072;123.4;12.2;3.67;36919;36881;30.77;36500;13.43;2;23;1398;12;2280;3.4;3.57;3.23;350;73;456;380
APROVADO;0.97;0.25;0.08;0.01;0.01;2.8;62063;3.36;3.4;3.39;3.41;3.39;3.43;3.35;3.42;3.4;3.41;3.39;3.35;3.44;3.41;156.93;4.53;107.23;35843;125.23;13;3.73;36886;36797;19.73;36500;15.32;1;24;1398;12;2400;2.4;2.52;2.28;400;64;595;320
APROVADO;0.63;0.25;0.19;0.11;0.01;2.4;60635;2.36;2.39;2.39;2.4;2.38;2.38;2.42;2.39;2.36;2.39;2.39;2.39;2.37;2.37;208.1;5.23;90.83;30786;111.9;10.63;3.93;36352;36300;88.1;36500;33.42;3;22;1251;12;2040;3.4;3.57;3.23;400;58;436;194
APROVADO;2.51;0.49;0.27;0.03;0.03;3.42;60639;3.37;3.4;3.38;3.39;3.35;3.38;3.41;3.39;3.38;3.37;3.38;3.38;3.39;3.35;159.97;4.57;106.97;16956;122.47;10.43;3.87;36396;36364;29.47;36500;35.28;3;22;1233;12;2010;3.4;3.57;3.23;350;25;362;304
APROVADO;2.63;0.73;0.29;0.06;0.01;3.4;60643;3.37;3.39;3.36;3.42;3.39;3.37;3.4;3.4;3.38;3.38;3.39;3.39;3.39;3.37;155.63;5.17;106.93;34749;122.37;9.73;3.47;36393;36360;24;36500;37.17;3;22;1233;12;2010;3.4;3.57;3.23;340;70.91;362;304
APROVADO;3.56;3.34;1.83;0.3;0.01;3.41;60651;3.38;3.4;3.38;3.38;3.53;3.42;3.33;3.47;3.49;3.4;3.41;3.44;3.45;3.41;182.87;14.5;109.97;1499;139.77;14.8;4.43;36900;36865;29.3;36500;41.25;2;23;1233;12;2210;2.4;2.52;2.28;630;40;549;250
APROVADO;1.37;0.69;0.47;0.05;0.02;2.41;60623;3.34;3.39;3.42;3.4;3.38;3.39;3.41;3.41;3.37;3.44;3.37;3.35;3.39;3.42;203.97;10.2;110.57;19354;132.8;11.7;4.33;36414;36387;62.63;36500;27.82;3;22;1151;12;2010;3.4;3.57;3.23;330;68.83;362;304
APROVADO;0.97;0.55;0.45;0.23;0.02;2.42;60667;2.38;2.42;2.38;2.37;2.4;2.39;2.4;2.42;2.33;2.4;2.4;2.38;2.43;2.38;161.67;14.47;67.27;35398;95.03;12.47;4;36486;36432;58.63;36500;47.27;2;23;1450;12;2300;2.4;2.52;2.28;550;79.75;582;265
APROVADO;1.25;0.42;0.22;0.08;0.01;2.8;60703;2.76;2.78;2.83;2.81;2.77;2.75;2.83;2.83;2.75;2.8;2.8;2.79;2.81;2.78;186.03;8.47;115.53;43136;135.73;11.1;4;43899;43857;36.17;43500;62.42;3;22;1288;10;2030;2.8;3;2.65;380;68;484;193
APROVADO;0.37;0.22;0.24;0.07;0.01;2.41;60695;2.42;2.39;2.44;2.44;2.42;2.39;2.46;2.43;2.41;2.41;2.43;2.41;2.45;2.42;169.37;19.97;103.73;9205;134.3;10.2;5.57;36420;36376;25.33;43500;57.95;3;22;1288;10;2030;2.8;3;2.65;380;73;484;193
APROVADO;0.82;0.34;0.11;0.01;0.01;2.8;60735;2.76;2.8;2.8;2.8;2.79;2.76;2.84;2.78;2.78;2.8;2.77;2.79;2.83;2.8;235.57;14.83;115.3;33260;142;11.07;3.8;43877;43762;79.6;43500;79.42;3;22;1212;10;1990;2.8;3;2.65;380;68.4;474;190
APROVADO;0.71;0.2;0.07;0;0.01;2.8;60723;2.36;2.38;2.39;2.4;2.38;2.37;2.43;2.38;2.37;2.39;2.38;2.36;2.43;2.37;212.07;15.6;125.07;43269;152.9;11.47;3.57;43884;43783;51.47;43500;73.28;4;21;1114;10;1830;2.4;2.52;2.28;350;56;435;207
REPROVADO;1;0.32;0.24;0.02;0.03;3.43;60767;3.37;3.44;3.33;3.35;3.66;3.48;3.52;3.42;3.52;3.37;3.39;3.38;3.4;3.35;180.9;11.9;99.93;3431;124.2;11.73;3.9;35007;34942;43.93;36500;4.13;2;23;1404;12;2280;3.4;3.57;3.23;350;74;456;380
APROVADO;2.12;2.25;0.97;1.89;0.02;3.43;60771;3.3;3.38;3.36;3.35;3.32;3.38;3.36;3.35;3.34;3.36;3.36;3.33;3.39;3.32;245.47;19.57;17.43;4585;54.13;12.5;3.87;6101;6063;183.27;36500;4.77;4;21;593;12;1960;3.4;3.57;3.23;350;74;249;208
APROVADO;0.4;0.37;0.08;0.01;0.02;3.41;60775;2.89;2.95;2.9;2.92;2.94;2.89;2.92;2.93;2.9;2.94;2.91;2.9;2.94;2.9;287.4;16.33;120.67;35588;192.4;13.03;3.87;36451;36392;80.83;36500;7.12;2;23;1198;12;2280;3.4;3.57;3.23;350;74;456;380
APROVADO;0.39;0.66;0.06;0.01;0.01;2.79;60783;2.77;2.81;2.79;2.78;2.8;2.78;2.82;2.8;2.76;2.82;2.79;2.78;2.81;2.79;209.77;14.23;117.2;43060;144.2;12.2;12.7;43350;43301;37.33;43500;11.22;3;22;1198;10;2100;2.8;3;2.65;370;66.21;500;200
APROVADO;0.93;1.37;0.37;0.2;0.01;3.41;60787;3.36;3.41;3.38;3.4;3.38;3.37;3.42;3.39;3.37;3.39;3.39;3.37;3.41;3.39;182.27;5.1;104.1;35333;121;11.23;21.3;36427;36392;33.43;36500;13.05;3;22;1263;10;2060;3.4;3.57;3.23;350;70;371;311
APROVADO;0.48;0.93;0.22;0.02;0.02;2.42;60791;2.39;2.4;2.4;2.4;2.41;2.39;2.42;2.4;2.39;2.41;2.39;2.38;2.42;2.41;688.37;21.87;98.1;35430;129.93;9.5;13.77;36479;36436;540.57;36500;15.03;2;23;1263;12;2300;2.4;2.52;2.28;400;63;570;260
APROVADO;0.4;0.9;0.16;0.02;0.02;2.8;60795;2.76;2.84;2.77;2.77;2.85;2.77;2.81;2.78;2.79;2.81;2.79;2.8;2.8;2.78;228.23;11.37;115;43167;135.37;8.4;6.77;43684;43646;75.97;36500;17.15;5;20;1073;12;1750;2.4;2.52;2.28;380;64;341;157
APROVADO;0.24;0.52;0.11;0.01;0.02;2.42;60799;2.41;2.42;2.38;2.37;2.4;2.41;2.4;2.38;2.38;2.4;2.38;2.39;2.43;2.41;151.37;8.63;104.27;36490;121.7;8.23;4.2;36820;36779;21.17;36500;19.05;5;20;1073;12;1700;2.4;2.52;2.28;350;49.74;341;157
APROVADO;0.19;0.36;0.07;0.04;0.03;2.41;60811;2.41;2.42;2.39;2.39;2.41;2.37;2.42;2.38;2.4;2.37;2.39;2.39;2.43;2.42;189.63;7.1;102.3;36141;118.73;8.73;4.23;36842;36802;62.43;36500;24.67;5;20;1073;12;1700;2.4;2.52;2.28;380;60.8;341;157
APROVADO;0.27;0.42;0.03;0;0.01;2.41;60839;2.38;2.4;2.41;2.4;2.39;2.38;2.42;2.39;2.38;2.4;2.4;2.36;2.43;2.38;173.57;10.53;124.03;43128;143.83;8.7;3.7;43399;43360;21.53;43500;38.53;6;19;910;10;1495;2.4;2.52;2.28;350;52;376;179
APROVADO;0.63;0.91;0.15;0.02;0.01;3.41;60847;3.38;3.39;3.4;3.39;3.39;3.4;3.39;3.39;3.37;3.45;3.33;3.41;3.4;3.37;175.97;8.87;106.63;36631;125.5;9.37;3.63;36937;36897;42.5;43500;42.62;2;23;910;10;2300;3.4;3.57;3.23;340;70.91;609;292
APROVADO;1.78;0.84;0.34;0.05;0.01;3.4;60851;3.35;3.39;3.43;3.35;3.39;3.41;3.4;3.39;3.39;3.4;3.32;3.41;3.4;3.41;164.07;9.57;107.07;397;126.83;9.5;3.77;36396;36307;26.7;36500;44.57;5;20;1098;12;1775;3.4;3.57;3.23;330;68.83;323;271
APROVADO;0.17;0.46;0.12;0.01;0.01;2.41;60859;2.39;2.4;2.39;2.4;2.38;2.38;2.43;2.38;2.38;2.39;2.38;2.36;2.42;2.4;229.9;15.13;94.43;0;134.57;24.37;4.87;36429;36386;84.47;36500;48.45;4;21;1098;12;1790;2.4;2.52;2.28;380;59.85;480;180
APROVADO;0.17;0.46;0.12;0.01;0.01;2.41;60863;3.33;3.4;3.39;3.4;3.39;3.41;3.44;3.38;3.41;3.38;3.41;3.4;3.41;3.38;71.57;18.4;4.07;1055;32.3;9.37;4.4;1303;1272;30.43;36500;48.83;2;23;1098;12;2300;3.4;3.57;3.23;350;73;610;293
APROVADO;0.46;0.63;0.1;0.01;0.01;3.41;60863;3.33;3.4;3.39;3.4;3.39;3.41;3.44;3.38;3.41;3.38;3.41;3.4;3.41;3.38;71.57;18.4;4.07;1055;32.3;9.37;4.4;1303;1272;30.43;36500;48.83;2;23;1098;12;2300;3.4;3.57;3.23;350;73;610;293
APROVADO;1.05;0.02;0.07;0.01;0.01;3.41;60879;3.38;3.39;3.4;3.39;3.36;3.39;3.41;3.39;3.36;3.41;3.38;3.4;3.38;3.35;171.67;7.93;107.07;35301;125;9.4;3.77;36464;36427;38.7;36500;56.23;2;23;1361;12;2220;3.4;3.57;3.23;350;25;444;370
APROVADO;0.74;0.11;0.05;0;0.02;3.41;60883;3.37;3.41;3.39;3.43;3.32;3.43;3.4;3.39;3.36;3.43;3.36;3.39;3.4;3.38;150.17;7.37;106.77;35497;123.73;8.9;4.07;36359;36293;17.5;36500;58.13;2;23;1361;12;2220;3.4;3.57;3.23;340;60.97;444;370
APROVADO;1271;0.08;0.26;0.03;0.01;3.41;60887;3.36;3.4;3.37;3.42;3.37;3.41;3.39;3.41;3.36;3.43;3.37;3.4;3.37;3.4;166;9.07;108.2;36180;127.1;9.17;4.73;36856;36778;28.6;36500;60.1;3;22;1245;12;2030;3.4;3.57;3.23;340;70.91;365;306
APROVADO;1.84;0.44;0.3;0.06;0.01;3.4;60891;3.35;3.41;3.38;3.42;3.36;3.41;3.39;3.4;3.36;3.42;3.38;3.39;3.39;3.39;196.97;8.3;109.97;33792;135.07;16.03;9.23;36394;36305;42.57;36500;62.07;3;22;1245;12;2030;3.4;3.57;3.23;350;73;365;306
APROVADO;0.59;0.27;0.17;0.01;0.01;2.41;60895;2.37;2.41;2.4;2.4;2.39;2.38;2.42;2.39;2.38;2.39;2.37;2.38;2.44;2.39;196.93;17.43;94.43;36131;122.63;10.17;4.23;36908;36867;64.03;36500;63.93;3;22;1245;12;2030;3.4;3.57;3.23;350;73;365;306
REPROVADO;2.09;0.91;0.82;0.34;0.02;3.45;60899;3.35;3.42;3.39;3.38;3.39;3.4;3.4;3.4;3.39;3.4;3.37;3.42;3.39;3.36;155.97;8.97;110.17;35781;128.77;9.1;7.37;36392;36359;15.63;36500;65.92;3;22;1245;12;2030;3.4;3.57;3.23;330;68.83;365;306
APROVADO;1.24;0.42;0.24;0.02;0.02;3.41;60867;3.39;3.4;3.39;3.41;3.38;3.4;3.4;3.39;3.4;3.4;3.4;3.4;3.39;3.37;159.9;5.63;103.63;35210;118.63;8.83;6;35493;35418;27.3;36500;50.67;2;23;1098;12;2300;3.4;3.57;3.23;330;68.83;610;293
APROVADO;1.6;0.42;0.25;0.02;0.02;3.41;60911;3.38;3.39;3.41;3.36;3.41;3.41;3.35;3.41;3.39;3.4;3.37;3.39;3.4;3.38;170.67;8.13;104;34802;122.8;10.07;3.57;36392;36359;38.23;36500;71.83;3;22;1245;12;2030;3.4;3.57;3.23;350;74;365;306
APROVADO;1.53;0.37;0.2;0.02;0.02;3.42;60915;3.35;3.38;3.42;3.38;3.36;3.42;3.35;3.42;3.4;3.35;3.49;3.38;3.27;3.44;206.5;12.8;104.17;9678;128.77;11.43;4.17;36387;36355;67.1;36500;73.78;1;24;1245;12;2450;3.4;3.57;3.23;350;74;365;306
APROVADO;1.57;0.08;0.02;0.01;0.01;2.41;60927;2.39;2.41;2.41;2.35;2.4;2.4;2.42;2.39;2.35;2.4;2.4;2.37;2.43;2.44;191.97;8.17;122.13;39684;141.87;10.97;3.73;43398;43358;42;43500;79.8;2;23;1269;10;2260;2.4;2.52;2.28;360;65.83;560;255
APROVADO;2.81;2.13;0.13;0;0.02;3.41;60947;3.33;3.31;3.37;3.28;3.34;3.33;3.35;3.32;3.32;3.39;3.36;3.26;3.41;3.3;98.17;12.73;17.7;5606;44.87;13.73;3.87;6182;6146;43.33;43500;88.7;4;21;395;12;1960;3.4;3.57;3.23;350;74;249;208
REPROVADO;3.42;1.6;0.09;0.09;0.01;3.41;60951;3.33;3.31;3.39;3.31;3.35;3.34;3.36;3.33;3.33;3.38;3.37;3.26;3.37;3.35;103.87;11.5;15.87;5057;43.3;15.37;4.93;5551;5512;48.33;6000;89.17;4;21;395;12;1960;3.4;3.57;3.23;350;74;230;190
APROVADO;1.27;0.35;0.23;0.04;0.01;3.41;60943;3.36;3.4;3.41;3.37;3.41;3.4;3.4;3.38;3.38;3.44;3.37;3.36;3.4;3.39;184.3;8.2;103.6;35907;123.03;10.23;4.2;36396;36216;47.3;43500;88.18;4;21;395;12;1960;3.4;3.57;3.23;350;74;249;208
REPROVADO;0.92;0.5;0.32;0.01;0.02;3.41;60959;3.37;3.38;3.42;3.36;3.43;3.36;3.41;3.39;3.39;3.4;3.4;3.36;3.4;3.36;266.5;13.07;105.3;36136;135.17;28.87;6.57;36857;36816;107.1;36500;91.83;4;21;1104;12;1800;3.4;3.57;3.23;350;74;450;217
REPROVADO;1.1;0.18;0.08;0.13;0.02;3.43;60983;3.36;3.41;3.37;3.4;3.38;3.41;3.39;3.38;3.4;3.4;3.36;3.39;3.39;3.41;188.87;12.6;97.07;32370;135.27;25.23;3.8;32945;32913;38.03;36500;99.85;5;20;1104;12;1760;3.4;3.57;3.23;340;70.91;316;265
APROVADO;1.18;0.35;0.27;0.12;0.02;3.4;60987;3.39;3.39;3.43;3.35;3.39;3.41;3.4;3.34;3.44;3.37;3.37;3.43;3.35;3.43;172.43;15.13;107.13;35607;133.57;10.77;4.5;36413;36379;24.2;36500;101.88;4;21;1122;12;1830;2.4;2.52;2.28;400;75;391;174
APROVADO;0.79;0.18;0.08;0;0.02;2.43;60991;2.37;2.4;2.42;2.36;2.4;2.38;2.44;2.37;2.36;2.42;2.38;2.38;2.43;2.38;213.23;13.83;92.4;31327;118.4;11.53;3.87;36955;36914;84;36500;103.65;4;21;1122;12;1830;2.4;2.52;2.28;400;62;391;174
APROVADO;0.54;0.17;0.08;0;0.02;2.4;60995;2.38;2.4;2.41;2.36;2.4;2.4;2.41;2.38;2.39;2.44;2.37;2.36;2.42;2.37;153.1;9.37;96.7;36113;116.6;9.9;4.1;36738;36703;26.3;36500;105.43;4;21;1104;12;1800;3.4;3.57;3.23;350;74;453;218
APROVADO;1.82;0.72;0.5;0.15;0.02;3.41;60999;3.33;3.4;3.42;3.37;3.39;3.44;3.44;3.4;3.4;3.4;3.38;3.37;3.42;3.41;154.03;7.43;105.4;14287;122.83;9.5;3.6;36866;36835;19.47;36500;107.32;4;21;1104;12;1800;3.4;3.57;3.23;350;74;453;218
APROVADO;1.65;0.9;0.51;0.07;0.02;3.44;61015;3.38;3.33;3.31;3.25;3.32;3.28;3.37;3.37;3.63;3.46;3.13;3.52;3.71;3.38;196.6;20.93;108.8;0;157.97;10.9;3.83;36748;36594;26.93;36500;115.03;4;21;1505;12;1800;3.4;3.57;3.23;350;71;453;217
APROVADO;2.62;0.4;0.22;0.02;0.02;3.41;61023;3.38;3.4;3.39;3.39;3.4;3.38;3.4;3.4;3.39;3.39;3.38;3.4;3.4;3.36;154.33;7.4;104.3;35993;122.37;9.97;7.27;36462;36407;20.57;36500;119.07;2;23;1376;12;2210;3.4;3.57;3.23;350;74;442;369
APROVADO;0.98;0.34;0.17;0.01;0.02;3.42;61027;3.4;3.41;3.36;3.39;3.45;3.56;3.54;3.57;3.45;3.4;3.37;3.4;3.4;3.39;172.87;9.53;103.87;31144;125.17;10.77;6.13;36478;36312;37.4;36500;120.98;2;23;1355;12;2210;3.4;3.57;3.23;350;75;442;369
APROVADO;1.21;0.34;0.15;0.02;0.02;3.41;61007;3.37;3.39;3.36;3.35;3.33;3.33;3.41;3.35;3.36;3.47;3.41;3.42;3.43;3.34;175;12;105.33;0;137.4;19.47;3.87;36866;36829;29.53;36500;111.2;4;21;1104;12;1800;3.4;3.57;3.23;350;75;453;218
REPROVADO;0.83;0.14;0.02;0;0.02;3.42;61039;3.39;3.41;3.39;3.39;3.37;3.41;3.38;3.41;3.38;3.37;3.42;3.37;3.39;3.41;175.87;14.4;105.53;36452;131.3;10.8;3.9;36900;36863;36.53;43500;126.88;2;23;1410;10;2260;2.4;2.52;2.28;350;64;560;256
APROVADO;0.88;0.32;0.08;0;0.03;3.45;61047;3.34;3.39;3.43;3.39;3.4;3.38;3.43;3.39;3.37;3.43;3.38;3.42;3.39;3.36;197.23;8.47;109.83;36365;128.53;10.03;13.9;36883;36848;50.6;36500;133.25;4;21;1410;12;1800;3.4;3.57;3.23;330;68.83;453;218
APROVADO;0.48;0.27;0.07;0.01;0.02;2.43;61051;2.32;2.4;2.4;2.36;2.34;2.36;2.4;2.35;2.35;2.38;2.36;2.35;2.42;2.33;237.23;13.43;52.97;18054;76.97;10.53;9.07;18353;18311;147.37;36500;134.35;6;19;454;12;1460;2.4;2.52;2.28;350;64;397;238
APROVADO;2.39;0.6;0.34;0.08;0.03;3.42;61031;3.4;3.39;3.4;3.39;3.39;3.4;3.38;3.42;3.38;3.4;3.38;3.4;3.4;3.38;206.2;14.23;103.27;34874;130.63;11.73;4.53;36435;36119;66.87;36500;122.97;3;22;1318;12;2100;3.4;3.57;3.23;350;75;430;359
APROVADO;2.71;1.35;1.24;0.02;0.02;2.42;61087;2.38;2.39;2.42;2.37;2.42;2.36;2.44;2.39;2.37;2.39;2.38;2.38;2.45;2.37;110.37;5.8;77.37;25526;93.37;9.57;3.77;27085;27046;9.07;36500;143.83;2;23;1376;10;2260;2.4;2.52;2.28;350;58;560;256
APROVADO;1.71;0.62;0.43;0.06;0.01;3.4;61099;3.36;3.41;3.38;3.38;3.38;3.36;3.41;3.43;3.37;3.4;3.39;3.41;3.38;3.35;184.03;6.57;105.2;35983;122.67;10.3;3.87;36814;36775;53.5;36500;150;3;22;1262;12;2030;3.4;3.57;3.23;350;72;365;306
APROVADO;1.31;0.44;0.32;0.07;0.01;3.4;61103;3.37;3.39;3.4;3.39;3.4;3.39;3.4;3.41;3.37;3.42;3.35;3.42;3.38;3.39;266.4;9.53;104.23;36097;125.73;11.5;3.8;36442;36404;62.07;36500;151.9;3;22;1226;12;2000;3.4;3.57;3.23;350;71;360;302
REPROVADO;2.24;0.77;0.45;0.04;0.01;3.42;61111;3.37;3.37;3.4;3.44;3.39;3.4;3.41;3.43;3.33;3.5;3.44;3.26;3.54;3.48;160.33;10.3;107.57;15959;128.87;10.47;3.87;36851;36816;23.43;43500;155.82;4;21;1104;12;1800;2.4;2.52;2.28;350;62;560;256
